song.id,user.id
SOMZWCG12A8C13C480,huhpr@Oradinosaur.com
SOCIWDW12A8C13D406,vbqty@Oradinosaur.com
SOXVLOJ12AB0189215,jeowv@Oradinosaur.com
SONHOTT12A8C13493C,enfdm@Oradinosaur.com
SOFSOCN12A8C143F5D,trkyx@Oradinosaur.com
SOYMRWW12A6D4FAB14,myqft@Oradinosaur.com
SOMJBYD12A6D4F8557,lhkam@Oradinosaur.com
SOHKNRJ12A6701D1F8,huhpr@Oradinosaur.com
SOIAZJW12AB01853F1,akygl@Oradinosaur.com
SOUDSGM12AC9618304,tovte@Oradinosaur.com
SOQHXMF12AB0182363,crmby@Oradinosaur.com
SOKEJEJ12A8C13E0D0,nrkuw@Oradinosaur.com
SOMUYGI12AB0188633,lrxcr@Oradinosaur.com
SORAMLE12AB017C8B0,jeowv@Oradinosaur.com
SOBONFF12A6D4F84D8,tkwev@Oradinosaur.com
SOHUOAP12A8AE488E9,xzaqe@Oradinosaur.com
SOUQQEA12A8C134B1B,amxpw@Oradinosaur.com
SOILPQQ12AB017E82A,kybrd@Oradinosaur.com
SOXLBJT12A8C140925,kxjeb@Oradinosaur.com
SOZVMJI12AB01808AF,enfdm@Oradinosaur.com
SOWTBJW12AC468AC6E,ckqyu@Oradinosaur.com
SOBEBDG12A58A76D60,vbqty@Oradinosaur.com
SOZCTXZ12AB0182364,qemvm@Oradinosaur.com
SOBBUGU12A8C13E95D,xyxrc@Oradinosaur.com
SOBLGCN12AB0183212,qulge@Oradinosaur.com
SOPSWQW12A6D4F8781,mjwmp@Oradinosaur.com
SOZQDIU12A58A7BCF6,migws@Oradinosaur.com
SONYPOM12A8C13B2D7,joucj@Oradinosaur.com
SOBZBAZ12A6D4F8742,oglal@Oradinosaur.com
SOVYKGO12AB0187199,sbxce@Oradinosaur.com
SOGNCJP12A58A80271,ilmzp@Oradinosaur.com
SOLLHMX12AB01846DC,cqnpp@Oradinosaur.com
SOYTPEP12AB0180E7B,trkyx@Oradinosaur.com
SOGXHEG12AB018653E,pxtkr@Oradinosaur.com
SOOLYAZ12A6701F4A6,keana@Oradinosaur.com
SOGOSOV12AF72A285E,bvlyu@Oradinosaur.com
SOJXVAH12A8C139700,fxbts@Oradinosaur.com
SOVXMTN12A8C135A18,dsmmn@Oradinosaur.com
SORSECL12AB0182267,gwrog@Oradinosaur.com
SOOGFBZ12AC3DF7FF2,fczbu@Oradinosaur.com
SOMSBGZ12AB018C4CB,dohjv@Oradinosaur.com
SOMZWCG12A8C13C480,ocqzv@Oradinosaur.com
SOCIWDW12A8C13D406,dkcxt@Oradinosaur.com
SOXVLOJ12AB0189215,dpimn@Oradinosaur.com
SONHOTT12A8C13493C,njphv@Oradinosaur.com
SOFSOCN12A8C143F5D,qkbfx@Oradinosaur.com
SOYMRWW12A6D4FAB14,yiakl@Oradinosaur.com
SOMJBYD12A6D4F8557,fjmoz@Oradinosaur.com
SOHKNRJ12A6701D1F8,cibnn@Oradinosaur.com
SOIAZJW12AB01853F1,iplwy@Oradinosaur.com
SOUDSGM12AC9618304,vrilf@Oradinosaur.com
SOQHXMF12AB0182363,tgauq@Oradinosaur.com
SOKEJEJ12A8C13E0D0,pgtsy@Oradinosaur.com
SOMUYGI12AB0188633,witfv@Oradinosaur.com
SORAMLE12AB017C8B0,obmgi@Oradinosaur.com
SOBONFF12A6D4F84D8,uwhra@Oradinosaur.com
SOSXOTX12A8C13790F,eftmp@Oradinosaur.com
SOUQQEA12A8C134B1B,vahxo@Oradinosaur.com
SOILPQQ12AB017E82A,qbfup@Oradinosaur.com
SOXLBJT12A8C140925,gmiyr@Oradinosaur.com
SOZVMJI12AB01808AF,ladva@Oradinosaur.com
SOWTBJW12AC468AC6E,osrny@Oradinosaur.com
SOBEBDG12A58A76D60,svptz@Oradinosaur.com
SOZCTXZ12AB0182364,fgwoi@Oradinosaur.com
SOBBUGU12A8C13E95D,alrwz@Oradinosaur.com
SOBLGCN12AB0183212,jemyx@Oradinosaur.com
SOPSWQW12A6D4F8781,lbroq@Oradinosaur.com
SOZQDIU12A58A7BCF6,qrlsz@Oradinosaur.com
SONYPOM12A8C13B2D7,nsfbw@Oradinosaur.com
SOBZBAZ12A6D4F8742,uazng@Oradinosaur.com
SOVYKGO12AB0187199,vmdcq@Oradinosaur.com
SOGNCJP12A58A80271,mgldy@Oradinosaur.com
SOLLHMX12AB01846DC,nnrxs@Oradinosaur.com
SOYTPEP12AB0180E7B,obygq@Oradinosaur.com
SOGXHEG12AB018653E,usdwa@Oradinosaur.com
SOOLYAZ12A6701F4A6,ivbbp@Oradinosaur.com
SOGOSOV12AF72A285E,roiap@Oradinosaur.com
SOJXVAH12A8C139700,gktsj@Oradinosaur.com
SOVXMTN12A8C135A18,arort@Oradinosaur.com
SORSECL12AB0182267,sslsw@Oradinosaur.com
SOOGFBZ12AC3DF7FF2,ayuqz@Oradinosaur.com
SOMSBGZ12AB018C4CB,flovd@Oradinosaur.com
SOIKPOX12A58A7BA0B,mjsyi@Oradinosaur.com
SOYBVOI12AB017AD6B,xshrf@Oradinosaur.com
SOUCLTK12A8C141490,uciaq@Oradinosaur.com
SOFOWNK12AB018C539,lytoc@Oradinosaur.com
SOCWCNX12AB0185027,ubvze@Oradinosaur.com
SOZHMFN12A6D4F4B3D,fqenu@Oradinosaur.com
SOWZPSA12AB0187979,shefl@Oradinosaur.com
SOYYANE12A8C132D08,qizip@Oradinosaur.com
SOTVTCG12AB018ABEB,zbyaj@Oradinosaur.com
SOHDTLT12AB0183F06,tyqbc@Oradinosaur.com
SOFLKBO12A8C14327A,asjje@Oradinosaur.com
SOVNIAU12A6D4F7C63,exnau@Oradinosaur.com
SOBEWIS12AB0182D75,qlrsb@Oradinosaur.com
SOFFLLP12AB018ED52,ptrtm@Oradinosaur.com
SOBMBXU12A6D4F894C,yultw@Oradinosaur.com
SOGNIKB12AB0187D8B,awcwo@Oradinosaur.com
SOPTOKV12AAF3B5233,zjend@Oradinosaur.com
SOVJXVJ12A8C13517D,eside@Oradinosaur.com
SOQATPT12AB0189A22,qtshb@Oradinosaur.com
SOXKMLO12AB017FFDB,vfjld@Oradinosaur.com
SOPEGZN12AB0181B3D,divtj@Oradinosaur.com
SOHWWOM12AB0186627,mqpqm@Oradinosaur.com
SOJADBN12A6D4FD5F2,ehfpq@Oradinosaur.com
SOQEKJO12AB0188E78,tnpha@Oradinosaur.com
SOZNTZO12A8C13AA7E,qxcmx@Oradinosaur.com
SOWWSFI12A6D4F8B25,gdoih@Oradinosaur.com
SOITKGP12A58A75D98,xgeva@Oradinosaur.com
SOSXOTX12A8C13790F,jnzhb@Oradinosaur.com
SOEJCIN12A8C132263,blbrz@Oradinosaur.com
SOGRYWN12AB018C335,pzbhi@Oradinosaur.com
SOVWDYF12A8C1351FE,aalri@Oradinosaur.com
SOJOUBX12AB018A61A,pigej@Oradinosaur.com
SOHMVLQ12A8C14202E,umjuc@Oradinosaur.com
SOATICR12A8C139BDB,rnpea@Oradinosaur.com
SOKGWST12A8C13971B,yfcsx@Oradinosaur.com
SOPDUIV12A8C1367B5,jzfxf@Oradinosaur.com
SOOBQGC12AC468CEAA,gwece@Oradinosaur.com
SOPMKMD12A67020BD9,epzij@Oradinosaur.com
SONWURF12A8C134ABD,kxwhq@Oradinosaur.com
SOVBBBP12A58A7B044,vgnua@Oradinosaur.com
SOOPMHL12AB0186150,sbkuk@Oradinosaur.com
SOCRPDR12AB0185B75,mnogg@Oradinosaur.com
SOFRINM12A6D4F7B10,riopu@Oradinosaur.com
SOKHSGF12A8AE4775D,syroy@Oradinosaur.com
SOYCYFG12A81C22BA1,oozjz@Oradinosaur.com
SOCCRRM12AB018E15B,iowcd@Oradinosaur.com
SOIKTRT12A8C13999E,nhfcj@Oradinosaur.com
SOWCBBV12AB0182F0D,iykqw@Oradinosaur.com
SOVOXXJ12A6D4FB599,jznhs@Oradinosaur.com
SOSGJTX12AB0181F7C,fmfsf@Oradinosaur.com
SOCGTRV12AAA15DE67,hovoc@Oradinosaur.com
SOGCCFL12AB0185B8C,uyebc@Oradinosaur.com
SOJWEFZ12A8C13B69D,mqgtc@Oradinosaur.com
SOJNSEO12AB01818F8,iwspf@Oradinosaur.com
SOQEATT12A6D4F56DD,rxpjh@Oradinosaur.com
SOIJQRD12AB01882D0,mehor@Oradinosaur.com
SOFOFCW12AC468DFC5,mcpzr@Oradinosaur.com
SOOGNRN12A8C13C8E0,zfzbg@Oradinosaur.com
SODIJTB12A8C138FB2,gwrpj@Oradinosaur.com
SOLBVSR12AB0183E1A,mzfle@Oradinosaur.com
SOSDNNL12AB017BEBD,ohvsm@Oradinosaur.com
SODIWEO12AB018479E,flrkj@Oradinosaur.com
SOQJWZI12A8C140181,akcez@Oradinosaur.com
SOAMDMA12AB0186434,erovu@Oradinosaur.com
SODKSMV12A6D4F6922,kmkpr@Oradinosaur.com
SOQEYUG12A8C1427A1,efppw@Oradinosaur.com
SOIUODF12A6D4F9C3E,goqby@Oradinosaur.com
SOXDEEZ12A6D4FBB9A,xxmrj@Oradinosaur.com
SOJHGDB12A8C137470,lgeyo@Oradinosaur.com
SOEBGQK12AB01879F4,etmst@Oradinosaur.com
SOOMLMG12A8151BD28,hecye@Oradinosaur.com
SOTKYKL12A8AE45B28,rgqtn@Oradinosaur.com
SORMJDF12A8C13C321,uksfw@Oradinosaur.com
SOJZZVE12A58A7999D,ehyxz@Oradinosaur.com
SOTZWYD12A8C1392B7,komvg@Oradinosaur.com
SOJCZRX12A8C1342A8,joqke@Oradinosaur.com
SORPACP12AB017DFDB,fglwd@Oradinosaur.com
SOMWELJ12AB0184C6D,xuquj@Oradinosaur.com
SOMTTIL12CF5465225,vuusy@Oradinosaur.com
SOLVYRN12AF72A9C09,imfix@Oradinosaur.com
SOSCFFU12A8C134C67,inyra@Oradinosaur.com
SOURJIW12AC3DF6AAE,hoyft@Oradinosaur.com
SOAUNDO12AB017BFF8,xrgol@Oradinosaur.com
SOEBCBI12AF72A154F,rxwla@Oradinosaur.com
SOOUQAZ12AB017BDB0,mzrss@Oradinosaur.com
SOIBXGH12A8C143C8B,vpies@Oradinosaur.com
SOCBEID12A58A79E49,rfyag@Oradinosaur.com
SOEIRMZ12AB01864F8,tmxae@Oradinosaur.com
SORIXFW12A58A77E7A,kkinm@Oradinosaur.com
SONXPQC12AB0189A32,hnffw@Oradinosaur.com
SOCINAM12A8C13D160,egjdi@Oradinosaur.com
SOBDZUW12A8C13ED88,zrdaf@Oradinosaur.com
SOUYCPO12AAF3B3E0B,qfwse@Oradinosaur.com
SOKTTAS12AB0182418,jnbkp@Oradinosaur.com
SOKNTEW12AB01821EE,xugdy@Oradinosaur.com
SOYJZTG12A81C23239,igbbf@Oradinosaur.com
SOYPBQN12AB018BE82,ppkwq@Oradinosaur.com
SOKIWRW12AB017FAD7,loyiw@Oradinosaur.com
SOJXMRA12A58A7A875,zcphs@Oradinosaur.com
SOORPNR12AC9072A56,sgsii@Oradinosaur.com
SOEIJSK12AB0183835,ghvet@Oradinosaur.com
SORCMAR12AB018701E,snsid@Oradinosaur.com
SONMZBU12A58A7D2D3,qloil@Oradinosaur.com
SOMNPJX12AB0183CCC,eqpbu@Oradinosaur.com
SOEQLVJ12AB0186D17,gjhox@Oradinosaur.com
SOCDLSK12AB018168E,jfxlt@Oradinosaur.com
SOHDAZP12AB0185D7F,dadfz@Oradinosaur.com
SOWUARL12AC468AC3C,smgrv@Oradinosaur.com
SOIVTZO12A8C13AF27,yzxhi@Oradinosaur.com
SOEJGDS12A8C13875E,bdylm@Oradinosaur.com
SOLGRUN12A8C140543,bncib@Oradinosaur.com
SOJAVUK12AB017EC7E,mpdxa@Oradinosaur.com
SOCDLVW12AB018371F,tqoem@Oradinosaur.com
SOTQUUI12A8C1390F0,uyjlz@Oradinosaur.com
SONKDJU12A67FFB313,rifqn@Oradinosaur.com
SORCBKI12AAF3B2DF2,oiwws@Oradinosaur.com
SOTXXBT12A6D4F6B25,ogpty@Oradinosaur.com
SONODJN12A6D4F9838,nwiji@Oradinosaur.com
SOUXEOI12A6D4FB18E,jxelj@Oradinosaur.com
SOXWHQK12A67020E88,iycej@Oradinosaur.com
SOBEDHR12A6D4F86C2,sudof@Oradinosaur.com
SOMEKAE12AB0181461,tflzk@Oradinosaur.com
SOOFFTS12AB018A83C,wbsjp@Oradinosaur.com
SOCJBTQ12A6D4FA539,hcwjp@Oradinosaur.com
SOUHUDD12A58A7C591,ifgzu@Oradinosaur.com
SONWUYB12AB017FDC5,eqlyx@Oradinosaur.com
SOOJCEQ12AB0189C25,qwseb@Oradinosaur.com
SOAMJUS12A8C13446A,vvxza@Oradinosaur.com
SOBANXX12A8C1388F9,rjzui@Oradinosaur.com
SOFOWNK12AB018C539,idams@Oradinosaur.com
SOKTGAA12AB01891A8,tteqc@Oradinosaur.com
SOOYJKF12AB0183217,tqzxw@Oradinosaur.com
SOORJCV12A8C144A4E,wxphf@Oradinosaur.com
SOKHBRA12AB017E6AE,rqohv@Oradinosaur.com
SOFIYEO12A8C13690A,ewfov@Oradinosaur.com
SOAPIHC12A6D4F5FD5,olkyq@Oradinosaur.com
SOTMSNC12AB018D09A,aizho@Oradinosaur.com
SOZKGKZ12AB017E527,hninu@Oradinosaur.com
SOEWLHT12AB0185559,edzdw@Oradinosaur.com
SOGJYMK12AB018272A,safqn@Oradinosaur.com
SOHLVJA12A8C131840,jqgpp@Oradinosaur.com
SONTBYE12AB0182855,agrbp@Oradinosaur.com
SOIQLBT12AC4686F5E,vgmsj@Oradinosaur.com
SOUOHOA12A6D4FBCE0,xowfo@Oradinosaur.com
SOYCSXH12AC3A4DF57,rrwrf@Oradinosaur.com
SOUKRER12A8C13BDE1,mczww@Oradinosaur.com
SODJKTV12A8C137456,gqmxp@Oradinosaur.com
SOOYAUK12AB01889B8,ylamu@Oradinosaur.com
SOIKTUX12A6D4F3E39,kckrt@Oradinosaur.com
SORIFID12A8C140949,dxkqt@Oradinosaur.com
SOYDHCW12A6D4F9A2E,rpszs@Oradinosaur.com
SOISPBI12AB0187873,uczfn@Oradinosaur.com
SOKFNCF12A8C13CC7B,lajbe@Oradinosaur.com
SOYXIYK12A8C138524,pdyit@Oradinosaur.com
SOPAOCV12A6D4FB022,lpmek@Oradinosaur.com
SOMHYKZ12B34F1F013,xgjtj@Oradinosaur.com
SOYDYJV12A8C13B5CC,ptjns@Oradinosaur.com
SOEYFZV12A8C13C4A7,bgbuf@Oradinosaur.com
SOQLGFP12A58A7800E,hkmug@Oradinosaur.com
SOQGFVO12A8C13C8C3,ilvzu@Oradinosaur.com
SOGRKKB12A8C14595A,wgqsp@Oradinosaur.com
SONJXBM12A8C13C358,hqjzi@Oradinosaur.com
SOKHHXO12A8C13D2DF,tyhuk@Oradinosaur.com
SOFPGXP12A58A78AAB,vxmkl@Oradinosaur.com
SOMBDFC12A58A7A14E,qcjay@Oradinosaur.com
SOACCCG12AC468C7BC,knmdb@Oradinosaur.com
SOFUODO12A8C1403E6,zsnnf@Oradinosaur.com
SOPNTAR12A6D4F7B7D,dguvv@Oradinosaur.com
SOQDNNN12AB018414A,exaat@Oradinosaur.com
SOCUCXE12A6D4F2C3F,czmhs@Oradinosaur.com
SOPVCLO12A58A7D89C,xvkqw@Oradinosaur.com
SOXATHC12AC909720F,gygkf@Oradinosaur.com
SOJEWQG12AB018BD74,gpxwv@Oradinosaur.com
SOMZVHH12AB017D9B3,ovdtp@Oradinosaur.com
SOLNLFG12AC468806E,sovgq@Oradinosaur.com
SOTXXBT12A6D4F6B25,qrpaw@Oradinosaur.com
SOWPPKS12AB018E2F5,wnyeu@Oradinosaur.com
SOCNJZO12AC468D1F5,xrrpc@Oradinosaur.com
SOENOKK12AB018642B,ximwn@Oradinosaur.com
SONAEGX12A8C141C53,djloc@Oradinosaur.com
SOFXOIF12AB0182415,gjuxa@Oradinosaur.com
SOCSAVL12A6D4FAC37,okdba@Oradinosaur.com
SOULZAX12AB018B8CD,ptbsk@Oradinosaur.com
SOJQBVB12A8C142CCE,zkpaf@Oradinosaur.com
SOLMKME12B0B8081D3,popet@Oradinosaur.com
SOSIVYG12A6D4F93A9,vcztc@Oradinosaur.com
SOPBLEO12A8C13DF60,kiznd@Oradinosaur.com
SOJOMPY12AB01841A3,baxri@Oradinosaur.com
SODAFAC12AB0184738,pikmw@Oradinosaur.com
SOTEFFR12A8C144765,updka@Oradinosaur.com
SOFDLKQ12AB018601E,cleeu@Oradinosaur.com
SOXXMWC12A67AD7296,ieelj@Oradinosaur.com
SOQJPYF12AF72AA8E2,koxcm@Oradinosaur.com
SOKZCJZ12A8C13972F,faimc@Oradinosaur.com
SODWIDI12A6D4FA683,bccnx@Oradinosaur.com
SOVENLZ12A8C13F7DE,qasgv@Oradinosaur.com
SOWWLVP12A8C138BFB,vrlld@Oradinosaur.com
SODXWSC12A8C13828F,rczjx@Oradinosaur.com
SONHWEW12AF72A7F22,hsusp@Oradinosaur.com
SODMXRL12A58A7E9C6,zwsmr@Oradinosaur.com
SOEMHMT12A58A7A778,wilxd@Oradinosaur.com
SOYCYFG12A81C22BA1,zbnkw@Oradinosaur.com
SOAFGEU12A8C13FAD7,roxeu@Oradinosaur.com
SOBHDHC12A6D4FA2A4,kfdwe@Oradinosaur.com
SOVKUWM12AC9097662,okdee@Oradinosaur.com
SORHVYD12A8C138C56,ejrcv@Oradinosaur.com
SOXGJTM12AB017E948,bnktw@Oradinosaur.com
SORHXRB12AB017A14B,flpkm@Oradinosaur.com
SODMNJR12AB0183BC5,tfoxm@Oradinosaur.com
SOHGMJH12AB0187130,pjqzl@Oradinosaur.com
SONARPL12CF5465254,litox@Oradinosaur.com
SOYIWNY12AC3DF96FC,pnwpz@Oradinosaur.com
SOEWLTH12A6D4F8E29,ojeiz@Oradinosaur.com
SORTSWB12A58A7DCA3,uoigb@Oradinosaur.com
SOWWHEW12A81C21D9D,yotoo@Oradinosaur.com
SOUWONL12A8C13EA27,ljnyv@Oradinosaur.com
SOZCQEK12A8C130E9E,feawp@Oradinosaur.com
SOBYXQS12A8C13FAF6,agwxc@Oradinosaur.com
SOJNGHO12A6D4F84BC,ecbcd@Oradinosaur.com
SOQMALF12AAF3B4144,njxxs@Oradinosaur.com
SOZKXKY12AB018039F,bxkme@Oradinosaur.com
SOBTEHX12A6D4FBF18,hecva@Oradinosaur.com
SOXLQOI12AC3DF996D,gfeea@Oradinosaur.com
SOAWJAQ12AB01863E0,svrob@Oradinosaur.com
SOCBUYU12A8C13D518,cpdfw@Oradinosaur.com
SOINBCU12A6D4F94C0,kzevh@Oradinosaur.com
SOUFKMA12AF72A3117,ortzp@Oradinosaur.com
SONCPQC12A58A7D3A7,nhksf@Oradinosaur.com
SOIYRUA12A8C13F1CE,ojfpa@Oradinosaur.com
SOJTAUQ12AC4689DD9,ubjdr@Oradinosaur.com
SOJCZRX12A8C1342A8,dibjt@Oradinosaur.com
SOLMCUV12A6BD54773,gtddg@Oradinosaur.com
SOTMSNC12AB018D09A,pcusd@Oradinosaur.com
SOKBKBA12A8C13338A,mhjyv@Oradinosaur.com
SOYNMUG12AB017FB36,nixul@Oradinosaur.com
SOJNKHE12AC3DFB0BA,ibkuh@Oradinosaur.com
SOFDLKQ12AB018601E,xrumz@Oradinosaur.com
SOZOHUQ12AB0187790,huhpr@Oradinosaur.com
SOHLSKT12A6D4F71B4,vbqty@Oradinosaur.com
SOKPIYN12A8C13F84F,jeowv@Oradinosaur.com
SOYDXZM12AB0186736,enfdm@Oradinosaur.com
SOLPJQA12A6D4F87A0,trkyx@Oradinosaur.com
SOZKQVH12AB01802D8,myqft@Oradinosaur.com
SOGBONS12AB0181C65,lhkam@Oradinosaur.com
SOZEMEV12A6D4F9317,huhpr@Oradinosaur.com
SOUFPFU12AB01854D3,akygl@Oradinosaur.com
SOABRXK12A8C130A36,tovte@Oradinosaur.com
SOHXCVP12A81C1FC64,crmby@Oradinosaur.com
SOSGVRE12AB01832AC,nrkuw@Oradinosaur.com
SOBAAER12A8C13A83C,lrxcr@Oradinosaur.com
SOQMTGB12A6D4F5285,jeowv@Oradinosaur.com
SOMWLYI12A6D4F519D,tkwev@Oradinosaur.com
SOCYSYD12AAF3B2F7B,xzaqe@Oradinosaur.com
SOEWIDM12AB0188F52,amxpw@Oradinosaur.com
SOJQTNZ12AB018115B,kybrd@Oradinosaur.com
SOVAHWF12A81C23457,kxjeb@Oradinosaur.com
SOFJPIM12A8C13B6E7,enfdm@Oradinosaur.com
SOXXEJT12A58A7D55E,ckqyu@Oradinosaur.com
SOIJXXM12A8C1416D6,vbqty@Oradinosaur.com
SOCHZDP12AC468D99F,qemvm@Oradinosaur.com
SOGAOHJ12AB018660F,xyxrc@Oradinosaur.com
SOVPWAB12A8C13BBA8,qulge@Oradinosaur.com
SOKKMRS12A67ADD134,mjwmp@Oradinosaur.com
SODIPHG12A58A7BEA6,migws@Oradinosaur.com
SOBBKJX12A8C145CEB,joucj@Oradinosaur.com
SOWESXJ12A8C136BEC,oglal@Oradinosaur.com
SOBFRTX12AB018DE14,sbxce@Oradinosaur.com
SONRUXD12A6D4F4A5E,ilmzp@Oradinosaur.com
SOLMPMK12AC468B131,cqnpp@Oradinosaur.com
SOWXEIB12AC90756AC,trkyx@Oradinosaur.com
SOFUNPN12A8C13B387,pxtkr@Oradinosaur.com
SODYJEQ12AB0180054,keana@Oradinosaur.com
SOWQDJI12AC468AED3,bvlyu@Oradinosaur.com
SOZCHRE12A8C1404A4,fxbts@Oradinosaur.com
SORUXNU12A67AE1311,dsmmn@Oradinosaur.com
SOGHWUG12A6D4FB3D3,gwrog@Oradinosaur.com
SOCQDVP12A8C1402DC,fczbu@Oradinosaur.com
SOAAEHR12A6D4FB060,dohjv@Oradinosaur.com
SOYIUJK12A8AE46346,ocqzv@Oradinosaur.com
SOVVRRU12A81C2435C,dkcxt@Oradinosaur.com
SOAQFSL12A8C13C2C4,dpimn@Oradinosaur.com
SOFHTFD12A8AE47A17,njphv@Oradinosaur.com
SONHTWP12A8C142744,qkbfx@Oradinosaur.com
SOBMQPO12AB0189FCB,yiakl@Oradinosaur.com
SOONBLX12AC468AA6B,fjmoz@Oradinosaur.com
SOIHMBZ12AC4688FD5,cibnn@Oradinosaur.com
SOTHGTJ12A8C13399D,iplwy@Oradinosaur.com
SOFVRHN12A8C134119,vrilf@Oradinosaur.com
SOPHKMV12A6D4F92BC,tgauq@Oradinosaur.com
SOZWUGO12A6D4FDCAE,pgtsy@Oradinosaur.com
SOZFHFF12A6701E914,witfv@Oradinosaur.com
SOOWOMX12AB018844A,obmgi@Oradinosaur.com
SOXOMUO12AF72AA7D1,uwhra@Oradinosaur.com
SOUMBKO12A8C135722,eftmp@Oradinosaur.com
SOUGKFV12AB0184F4B,vahxo@Oradinosaur.com
SODUYOC12A67ADC8ED,qbfup@Oradinosaur.com
SOAFIPD12A8C13A261,gmiyr@Oradinosaur.com
SOPNFTX12A67020455,ladva@Oradinosaur.com
SOTZPSF12A8C13BE4F,osrny@Oradinosaur.com
SOUTSFS12AB018A18A,svptz@Oradinosaur.com
SOOQIWV12AB018B96D,fgwoi@Oradinosaur.com
SORXCLZ12A8C1345EE,alrwz@Oradinosaur.com
SOFVEWB12AC4689917,jemyx@Oradinosaur.com
SOFMQDK12AF729D3C8,lbroq@Oradinosaur.com
SOLGASB12A58A79460,qrlsz@Oradinosaur.com
SOKDKKP12A8C136A48,nsfbw@Oradinosaur.com
SOTNTNJ12AAA15FBD6,uazng@Oradinosaur.com
SONNXNM12A8C135EC1,vmdcq@Oradinosaur.com
SONRLQH12AB017C232,mgldy@Oradinosaur.com
SOSECUN12A8C13E654,nnrxs@Oradinosaur.com
SOLLUGH12AB0184496,obygq@Oradinosaur.com
SOCLJZX12AB0182CA4,usdwa@Oradinosaur.com
SOKLOWV12A6D4F74BC,ivbbp@Oradinosaur.com
SOYGWIK12AB017F613,roiap@Oradinosaur.com
SOQPJUL12AB0189379,gktsj@Oradinosaur.com
SOXOPDV12A8C133674,arort@Oradinosaur.com
SOXWGYN12A6702067A,sslsw@Oradinosaur.com
SOHVUVA12A8C13E1A9,ayuqz@Oradinosaur.com
SOFRROW12A6701CBEA,flovd@Oradinosaur.com
SOLDQOV12A6D4F5BBB,mjsyi@Oradinosaur.com
SOOOJUT12AB01883B9,xshrf@Oradinosaur.com
SONNDRB12A8AE46705,uciaq@Oradinosaur.com
SOVNGGG12A8C1391CF,lytoc@Oradinosaur.com
SOHRTAR12A8C13FC87,ubvze@Oradinosaur.com
SOWPNGV12AB0189556,fqenu@Oradinosaur.com
SODUYOC12A67ADC8ED,shefl@Oradinosaur.com
SORJHBA12A8C13D1D0,qizip@Oradinosaur.com
SOXZRHY12A8AE492FF,zbyaj@Oradinosaur.com
SOLGING12AB0182723,tyqbc@Oradinosaur.com
SOOTRCK12AC468DCA4,asjje@Oradinosaur.com
SOFKTVC12A81C20A23,exnau@Oradinosaur.com
SONWUYB12AB017FDC5,qlrsb@Oradinosaur.com
SOLGWJT12A8C14181B,ptrtm@Oradinosaur.com
SONUOBX12A8C141070,yultw@Oradinosaur.com
SOLJMGD12A58A76C3A,awcwo@Oradinosaur.com
SORTOKQ12AF72A545B,zjend@Oradinosaur.com
SOEZUVC12AB0187534,eside@Oradinosaur.com
SOOOUCP12AB0180D5B,qtshb@Oradinosaur.com
SOVXNAP12A81C234AE,vfjld@Oradinosaur.com
SONYDNP12AB0186DCE,divtj@Oradinosaur.com
SOHLVJA12A8C131840,mqpqm@Oradinosaur.com
SOWZVLJ12A58A7C2C8,ehfpq@Oradinosaur.com
SOMMSMW12A8C13FCCC,tnpha@Oradinosaur.com
SOICCPU12A8C138AC4,qxcmx@Oradinosaur.com
SOXDEEZ12A6D4FBB9A,gdoih@Oradinosaur.com
SOIOVEN12AB018606D,xgeva@Oradinosaur.com
SOTBQXH12A8AE4778C,jnzhb@Oradinosaur.com
SODLIMH12A8C141988,blbrz@Oradinosaur.com
SODPLFO12A58A79F84,pzbhi@Oradinosaur.com
SOCVJVC12A67FFB40C,aalri@Oradinosaur.com
SOICCOL12A81C22510,pigej@Oradinosaur.com
SONHTWP12A8C142744,umjuc@Oradinosaur.com
SOKEFDU12AB0187D54,rnpea@Oradinosaur.com
SOZNQQQ12AF72ABF9F,yfcsx@Oradinosaur.com
SOYFSUL12AB0183110,jzfxf@Oradinosaur.com
SOGTZDE12AB017E44A,gwece@Oradinosaur.com
SOEAASN12A58A7932D,epzij@Oradinosaur.com
SOTBDLI12AC468A8AF,kxwhq@Oradinosaur.com
SOLJQBW12A6702187B,vgnua@Oradinosaur.com
SOGRIWH12A8C1318AD,sbkuk@Oradinosaur.com
SODGEOZ12A6D4FD9F3,mnogg@Oradinosaur.com
SOIWAUK12AB01857D2,riopu@Oradinosaur.com
SOIHBHO12AAF3B3EA2,syroy@Oradinosaur.com
SOVMKKT12A58A7F0CC,oozjz@Oradinosaur.com
SOOHWCX12A8AE48B59,iowcd@Oradinosaur.com
SOFPYXC12A58A7A4B9,nhfcj@Oradinosaur.com
SOGRSPK12A8A9D88E0,iykqw@Oradinosaur.com
SOCQKYB12AB018851F,jznhs@Oradinosaur.com
SOZOSQN12AB01872A1,fmfsf@Oradinosaur.com
SOMVEML12A8C13473F,hovoc@Oradinosaur.com
SOBHYLB12A8C1424C4,uyebc@Oradinosaur.com
SOKZILC12A6D4FBC9D,mqgtc@Oradinosaur.com
SOWJFLR12A6D4FBF97,iwspf@Oradinosaur.com
SOQZLAF12A8AE48030,rxpjh@Oradinosaur.com
SORWMLD12A8C137D1A,mehor@Oradinosaur.com
SOADDSQ12AB01807A8,mcpzr@Oradinosaur.com
SOKYTFZ12AB0189A73,zfzbg@Oradinosaur.com
SOALJEB12AC4688E08,gwrpj@Oradinosaur.com
SOGRWLL12A6D4F9ECF,mzfle@Oradinosaur.com
SOJRXHM12A8C13D93E,ohvsm@Oradinosaur.com
SOAZRCH12AB017A84D,flrkj@Oradinosaur.com
SOUGIYB12A8C13FBF1,akcez@Oradinosaur.com
SOBCCVG12A8C13804C,erovu@Oradinosaur.com
SOIUXYS12AB0187595,kmkpr@Oradinosaur.com
SOQKIOE12AB017C818,efppw@Oradinosaur.com
SOBUVYW12AB0184EC5,goqby@Oradinosaur.com
SOUMDHA12A6701DEB7,xxmrj@Oradinosaur.com
SOCLEZT12A8C13CE4A,lgeyo@Oradinosaur.com
SOCKDUL12AC9097E13,etmst@Oradinosaur.com
SOCZYSK12A8C135DB0,hecye@Oradinosaur.com
SOHJYGD12A8C13CF7F,rgqtn@Oradinosaur.com
SOKLOWV12A6D4F74BC,uksfw@Oradinosaur.com
SOQAJLA12AB018251A,ehyxz@Oradinosaur.com
SOSQYQG12AB01835EA,komvg@Oradinosaur.com
SOPJJKY12A6D4FAF9A,joqke@Oradinosaur.com
SOOEEYT12A5891DC08,fglwd@Oradinosaur.com
SOSRAUR12A8C13F697,xuquj@Oradinosaur.com
SOFHZHN12AB0180EA6,vuusy@Oradinosaur.com
SOHORES12A8C13595D,imfix@Oradinosaur.com
SOEBDOO12AB01868CA,inyra@Oradinosaur.com
SOGOSEE12A58A78241,hoyft@Oradinosaur.com
SOPXUPT12AB0184A87,xrgol@Oradinosaur.com
SOYYIRG12A8C13656A,rxwla@Oradinosaur.com
SOQERJP12A8C14130F,mzrss@Oradinosaur.com
SOMCMRN12AC3DF400A,vpies@Oradinosaur.com
SOISHGK12A8AE452B3,rfyag@Oradinosaur.com
SORYDTU12AB0184426,tmxae@Oradinosaur.com
SORIYMI12AB0185013,kkinm@Oradinosaur.com
SOILGAJ12A6D4F79D8,hnffw@Oradinosaur.com
SOCTDQP12AB018C367,egjdi@Oradinosaur.com
SOFPGXP12A58A78AAB,zrdaf@Oradinosaur.com
SOOEEYT12A5891DC08,qfwse@Oradinosaur.com
SOEEKOU12AB0184A31,jnbkp@Oradinosaur.com
SOHCBTN12A8C134568,xugdy@Oradinosaur.com
SOHBEDZ12A8C14021D,igbbf@Oradinosaur.com
SOPDZXV12A58A77173,ppkwq@Oradinosaur.com
SOCOOQH12A6D4F808E,loyiw@Oradinosaur.com
SOKHJSC12A8C14016E,zcphs@Oradinosaur.com
SOYAKYV12A8C1366D6,sgsii@Oradinosaur.com
SOWDYUR12A8AE481CB,ghvet@Oradinosaur.com
SOQGNNY12A6D4F5619,snsid@Oradinosaur.com
SOUCJNL12A8C134287,qloil@Oradinosaur.com
SOVJUCU12A8C138B3E,eqpbu@Oradinosaur.com
SOKHVZO12AB0184C4D,gjhox@Oradinosaur.com
SOAIOOJ12A8C1385D2,jfxlt@Oradinosaur.com
SOJHKYL12A6D4FA0AC,dadfz@Oradinosaur.com
SOWMQNJ12A8AE471EE,smgrv@Oradinosaur.com
SORTZRZ12AB0185C09,yzxhi@Oradinosaur.com
SOFTJHT12AB0180955,bdylm@Oradinosaur.com
SOWOSII12AB01858A0,bncib@Oradinosaur.com
SORKSWH12A8C1452B4,mpdxa@Oradinosaur.com
SOAQLJU12AB0185B2A,tqoem@Oradinosaur.com
SOOYRFK12A6D4FB5CA,uyjlz@Oradinosaur.com
SOEIWHD12AB018D0A9,rifqn@Oradinosaur.com
SOGWNKK12A6701D95A,oiwws@Oradinosaur.com
SOJCYIP12AC3DFA13C,ogpty@Oradinosaur.com
SOQMZCQ12A8C1335F0,nwiji@Oradinosaur.com
SOOQKAN12AB01846F9,jxelj@Oradinosaur.com
SOEYIHF12AB017B5F4,iycej@Oradinosaur.com
SOVPBXO12AB0188671,sudof@Oradinosaur.com
SOFJEAL12A8C13E4C5,tflzk@Oradinosaur.com
SOEUEUI12A6701E4AB,wbsjp@Oradinosaur.com
SOAYQTC12AB0182A48,hcwjp@Oradinosaur.com
SOPWDVC12AB0185A86,ifgzu@Oradinosaur.com
SOSQVWS12A8C13695C,eqlyx@Oradinosaur.com
SOHAXAJ12AB0187327,qwseb@Oradinosaur.com
SOUDYEW12AB0183E5C,vvxza@Oradinosaur.com
SOASNLL12AB018129B,rjzui@Oradinosaur.com
SOGCVPM12A6D4F7A84,idams@Oradinosaur.com
SOWWAKW12A8C13B507,tteqc@Oradinosaur.com
SOUBVIH12A8C137C89,tqzxw@Oradinosaur.com
SOLYHYM12AB017D549,wxphf@Oradinosaur.com
SOSZYWZ12AB01873FE,rqohv@Oradinosaur.com
SOCFNPC12AB017CE1B,ewfov@Oradinosaur.com
SOQDCHV12A6D4FC12D,olkyq@Oradinosaur.com
SOJBNUB12A6D4FC0D3,aizho@Oradinosaur.com
SOWDITP12A58A777CF,hninu@Oradinosaur.com
SOZEMEV12A6D4F9317,edzdw@Oradinosaur.com
SOMBFHE12A8C13A99B,safqn@Oradinosaur.com
SOBPVNW12A8C135CB5,jqgpp@Oradinosaur.com
SONCTTO12AB0183ED1,agrbp@Oradinosaur.com
SOYMECD12AB0186797,vgmsj@Oradinosaur.com
SOXDVKB12A8AE45E73,xowfo@Oradinosaur.com
SOHYVKJ12A6D4F6FAC,rrwrf@Oradinosaur.com
SOCNTQV12A6D4F4ADD,mczww@Oradinosaur.com
SODKZHX12AB0180CC7,gqmxp@Oradinosaur.com
SOHLXPY12A8C1319B6,ylamu@Oradinosaur.com
SOAWMQC12AB0184136,kckrt@Oradinosaur.com
SOCGNBW12A8C14117F,dxkqt@Oradinosaur.com
SOWMVSQ12A8C13E1DC,rpszs@Oradinosaur.com
SOURJIW12AC3DF6AAE,uczfn@Oradinosaur.com
SOHLAGO12AB0188518,lajbe@Oradinosaur.com
SOFHBAR12A6701D0FE,pdyit@Oradinosaur.com
SOFHZSP12A58A79004,lpmek@Oradinosaur.com
SORWYTZ12AB018D5C8,xgjtj@Oradinosaur.com
SONCWFW12A8AE4702B,ptjns@Oradinosaur.com
SOZOIKO12A8C133726,bgbuf@Oradinosaur.com
SOAVVDB12A8C136842,hkmug@Oradinosaur.com
SOQWQSK12AB0180210,ilvzu@Oradinosaur.com
SOUOIBI12AC3DFB10A,wgqsp@Oradinosaur.com
SOMFBRG12A6D4F9014,hqjzi@Oradinosaur.com
SOILPQQ12AB017E82A,tyhuk@Oradinosaur.com
SOCDLUF12A8C13F13F,vxmkl@Oradinosaur.com
SOPAZGG12AC3DF6DC1,qcjay@Oradinosaur.com
SOFRITM12A81C20954,knmdb@Oradinosaur.com
SOBOCAG12A6BD55D56,zsnnf@Oradinosaur.com
SOAZGWL12A6D4F7AC2,dguvv@Oradinosaur.com
SOQNPQX12A8C135E46,exaat@Oradinosaur.com
SOMMCPU12AB018AA2C,czmhs@Oradinosaur.com
SOUKYBX12AF72AB35E,xvkqw@Oradinosaur.com
SOCNOQB12AB0183A1E,gygkf@Oradinosaur.com
SOUYQXO12AB018B3FE,gpxwv@Oradinosaur.com
SOVJQYF12AB0185B36,ovdtp@Oradinosaur.com
SOKWONZ12A8C13ADFE,sovgq@Oradinosaur.com
SOBQKAH12A8C1362DF,qrpaw@Oradinosaur.com
SOOHGVW12A8C1449BB,wnyeu@Oradinosaur.com
SOFWNNU12A8C13BCB3,xrrpc@Oradinosaur.com
SONVNHC12AB0186206,ximwn@Oradinosaur.com
SOXXODX12A8C13F040,djloc@Oradinosaur.com
SOUVYHS12A8C13AB77,gjuxa@Oradinosaur.com
SOGELYI12AB01886B1,okdba@Oradinosaur.com
SOHCMZK12A6D4F8933,ptbsk@Oradinosaur.com
SOQURNS12AB018E7E4,zkpaf@Oradinosaur.com
SOGXWRE12AC468BE24,popet@Oradinosaur.com
SOHGPEC12A8C13BBE8,vcztc@Oradinosaur.com
SOPPTXH12A8C1409BC,kiznd@Oradinosaur.com
SOOQDTX12A6701F09A,baxri@Oradinosaur.com
SOCCBOH12A8C13E947,pikmw@Oradinosaur.com
SOBMBXU12A6D4F894C,updka@Oradinosaur.com
SOKHLSU12A58A7EDF0,cleeu@Oradinosaur.com
SOQHXOA12A8C136BF9,ieelj@Oradinosaur.com
SONMIAH12A6D4F73C1,koxcm@Oradinosaur.com
SOYJKEB12A8C138723,faimc@Oradinosaur.com
SOFCBVB12A8C143EC8,bccnx@Oradinosaur.com
SOIHARY12A8C1338E8,qasgv@Oradinosaur.com
SOCXKFS12AB018E309,vrlld@Oradinosaur.com
SOBLRSW12A5891D70B,rczjx@Oradinosaur.com
SOEWUBS12A6D4F8DB0,hsusp@Oradinosaur.com
SOJIMPZ12AAF3B5B92,zwsmr@Oradinosaur.com
SOWLGVU12AC3DFA925,wilxd@Oradinosaur.com
SOPWGTF12A58A7D658,zbnkw@Oradinosaur.com
SONQVMO12A8C134FC7,roxeu@Oradinosaur.com
SODGUVC12A8C142EBA,kfdwe@Oradinosaur.com
SOTETIO12A8151CA26,okdee@Oradinosaur.com
SOUBHVV12A8C1337EE,ejrcv@Oradinosaur.com
SOITKGP12A58A75D98,bnktw@Oradinosaur.com
SOWEUOO12A6D4F6D0C,flpkm@Oradinosaur.com
SOLPFAE12A8C13AF2D,tfoxm@Oradinosaur.com
SOOIAPL12AB018C4FE,pjqzl@Oradinosaur.com
SORSJPQ12A8C13875A,litox@Oradinosaur.com
SOWQTQZ12A58A7B63E,pnwpz@Oradinosaur.com
SOROXBU12A8C13F3D6,ojeiz@Oradinosaur.com
SOHTRFS12AC9E13420,uoigb@Oradinosaur.com
SOFTBIU12A8C130B7E,yotoo@Oradinosaur.com
SOTLXEX12A6D4F96EA,ljnyv@Oradinosaur.com
SOPAOCV12A6D4FB022,feawp@Oradinosaur.com
SOECOIA12A8C132F39,agwxc@Oradinosaur.com
SOABPYH12A8C13CC48,ecbcd@Oradinosaur.com
SOYPEPK12A8C141727,njxxs@Oradinosaur.com
SOBHYLB12A8C1424C4,bxkme@Oradinosaur.com
SOAHYMX12AB0182021,hecva@Oradinosaur.com
SOJEOUG12AB018A5D5,gfeea@Oradinosaur.com
SOEENRO12AB01859DF,svrob@Oradinosaur.com
SOSNIRJ12A6D4FA0BD,cpdfw@Oradinosaur.com
SOMVDFN12A58A7CE36,kzevh@Oradinosaur.com
SOMNCXX12A8C130C46,ortzp@Oradinosaur.com
SOZNQQQ12AF72ABF9F,nhksf@Oradinosaur.com
SOHKXAC12A58A7F6E5,ojfpa@Oradinosaur.com
SOFSRCP12CF5CFD696,ubjdr@Oradinosaur.com
SOTYCYE12AC468AA08,dibjt@Oradinosaur.com
SOQFRWV12A8C133D0A,gtddg@Oradinosaur.com
SONBZRB12A6D4FA945,pcusd@Oradinosaur.com
SONOWJT12A81C23646,mhjyv@Oradinosaur.com
SOEFTHD12A8C13EC47,nixul@Oradinosaur.com
SOAIJOW12A8C13C1E4,ibkuh@Oradinosaur.com
SOVHCNH12AB0180DD6,xrumz@Oradinosaur.com
SOEEQKB12A8C143340,fqenu@Oradinosaur.com
SOTNYOE12A8C136ACD,shefl@Oradinosaur.com
SOQJLWY12AB0180839,qizip@Oradinosaur.com
SOXLGIE12A6D4FD624,zbyaj@Oradinosaur.com
SOJGTKX12AB0188C94,tyqbc@Oradinosaur.com
SOOGNRN12A8C13C8E0,asjje@Oradinosaur.com
SOQWQSK12AB0180210,exnau@Oradinosaur.com
SOTRHHN12AB0188233,qlrsb@Oradinosaur.com
SOYMRWW12A6D4FAB14,ptrtm@Oradinosaur.com
SOZSHWZ12A8C1452B5,yultw@Oradinosaur.com
SONTEWC12AB0186E51,awcwo@Oradinosaur.com
SOKMQOO12A8C136C82,zjend@Oradinosaur.com
SORNHUW12A6D4F9006,eside@Oradinosaur.com
SOSEOSD12A58A7CFDC,qtshb@Oradinosaur.com
SOISFRK12A6D4F573D,vfjld@Oradinosaur.com
SOZHYMW12AB017E8EE,divtj@Oradinosaur.com
SORMWFU12AB0185891,mqpqm@Oradinosaur.com
SOFKDPV12A8C131B03,ehfpq@Oradinosaur.com
SOFYJJG12A8BEE9583,tnpha@Oradinosaur.com
SOHPDWN12AAA15E9AF,qxcmx@Oradinosaur.com
SOKNYLI12AB018846C,gdoih@Oradinosaur.com
SOUBHVV12A8C1337EE,xgeva@Oradinosaur.com
SOXZLDX12A58A7CE52,jnzhb@Oradinosaur.com
SONRLQH12AB017C232,blbrz@Oradinosaur.com
SOGBQDZ12A8C135533,pzbhi@Oradinosaur.com
SOYIUPV12AF72AC56B,aalri@Oradinosaur.com
SOXDCGA12A8C141720,pigej@Oradinosaur.com
SODXUGT12A58A78B78,umjuc@Oradinosaur.com
SOBRUSQ12A6701DF34,rnpea@Oradinosaur.com
SOIRJHK12A67020A7B,yfcsx@Oradinosaur.com
SODTNJI12A8C13AA3E,jzfxf@Oradinosaur.com
SOMWTKR12AAA15D94E,gwece@Oradinosaur.com
SOGBYCG12A6D4F6EC3,epzij@Oradinosaur.com
SONLCJU12A58A7B69C,kxwhq@Oradinosaur.com
SOLULNS12A8C13008E,vgnua@Oradinosaur.com
SOFHYZU12CF530E59B,sbkuk@Oradinosaur.com
SOASRSU12AC960D99A,mnogg@Oradinosaur.com
SOIBJTK12A8C143D5E,riopu@Oradinosaur.com
SOVVAVA12AF72A9926,syroy@Oradinosaur.com
SOXQOHL12AB017D69E,oozjz@Oradinosaur.com
SOJTSAW12A58A7B6C2,iowcd@Oradinosaur.com
SOOACXX12AB017C8E6,nhfcj@Oradinosaur.com
SOBLTSM12A6D4F9EEA,iykqw@Oradinosaur.com
SOWJDTP12AB018715D,jznhs@Oradinosaur.com
SOFUNWZ12AB01831A9,fmfsf@Oradinosaur.com
SOAXQTX12AB017F467,hovoc@Oradinosaur.com
SOYMDLM12A6D4FB10B,uyebc@Oradinosaur.com
SOUPIRU12A6D4FA1E1,mqgtc@Oradinosaur.com
SOAPUWG12AB017DE50,iwspf@Oradinosaur.com
SOXKDRR12AB0181712,rxpjh@Oradinosaur.com
SOCXMKN12A8C13B075,mehor@Oradinosaur.com
SOPPEBK12A8C13B9CE,mcpzr@Oradinosaur.com
SOQELNC12A8C13FE06,zfzbg@Oradinosaur.com
SORLGJC12A8C13FADC,gwrpj@Oradinosaur.com
SOCYJPN12A8C13AF0E,mzfle@Oradinosaur.com
SOBWJDG12AB0182BA7,ohvsm@Oradinosaur.com
SOEOMZJ12A8C139998,flrkj@Oradinosaur.com
SOAZGGS12A8AE457F4,akcez@Oradinosaur.com
SONBHYT12AC468A58B,erovu@Oradinosaur.com
SOUCCAM12AB0181444,kmkpr@Oradinosaur.com
SOCPGYO12A6D4FBE11,efppw@Oradinosaur.com
SOCVAQV12A8C13627A,goqby@Oradinosaur.com
SORUYQB12A81357343,xxmrj@Oradinosaur.com
SOAZHOK12A8AE46E45,lgeyo@Oradinosaur.com
SOTTBUT12A8C13856B,etmst@Oradinosaur.com
SOAJUIE12A6D4FAC25,hecye@Oradinosaur.com
SODQLZO12A8C14308B,rgqtn@Oradinosaur.com
SOXTQOC12A6D4F6C56,uksfw@Oradinosaur.com
SOZHDIA12A58A80F93,ehyxz@Oradinosaur.com
SOVFRDB12AB017FF3A,komvg@Oradinosaur.com
SOJKYRI12A58A7D06C,joqke@Oradinosaur.com
SOKFEUT12A6D4FC34C,fglwd@Oradinosaur.com
SOQEKJO12AB0188E78,xuquj@Oradinosaur.com
SOQNJSP12AB017D3B5,vuusy@Oradinosaur.com
SOIMQSC12A8C1344C4,imfix@Oradinosaur.com
SONJBDA12AB0183CFD,inyra@Oradinosaur.com
SOYRTWG12A8C142BC1,hoyft@Oradinosaur.com
SOJBGIS12AB017E349,xrgol@Oradinosaur.com
SOYHTLZ12A8C1399F7,rxwla@Oradinosaur.com
SOHNSVU12AB01891F8,mzrss@Oradinosaur.com
SODJJHJ12A8AE493AF,vpies@Oradinosaur.com
SOEGLEK12A8C139CB7,rfyag@Oradinosaur.com
SOPVMQT12A679C8040,tmxae@Oradinosaur.com
SOKHAME12AB017D3D4,kkinm@Oradinosaur.com
SOLXPTW12AB017D6EB,hnffw@Oradinosaur.com
SOJXRWG12AC9E15691,egjdi@Oradinosaur.com
SOMMPRY12A8C131C5C,zrdaf@Oradinosaur.com
SOQMROZ12AF729B758,qfwse@Oradinosaur.com
SOUEARP12A58A7D643,jnbkp@Oradinosaur.com
SOLFRCH12A67021C28,xugdy@Oradinosaur.com
SOATQEU12AB017BD60,igbbf@Oradinosaur.com
SOWPBNN12AB01848B1,ppkwq@Oradinosaur.com
SOAMMNJ12A81C20A4C,loyiw@Oradinosaur.com
SONXFYD12AAA8C6D44,zcphs@Oradinosaur.com
SOSLFMU12AB018FFEA,sgsii@Oradinosaur.com
SOQAZYX12AB0182724,ghvet@Oradinosaur.com
SOQBFIA12A8C13BAA2,snsid@Oradinosaur.com
SOCVTWK12AB0187F54,qloil@Oradinosaur.com
SOAPYOS12A8C133890,eqpbu@Oradinosaur.com
SOZIQWL12AB01814C9,gjhox@Oradinosaur.com
SOCRVCC12A6D4FB91B,jfxlt@Oradinosaur.com
SOCFLRU12AB018B0E2,dadfz@Oradinosaur.com
SOZMVGJ12A8AE4565D,smgrv@Oradinosaur.com
SOUEDBC12AC90972E5,yzxhi@Oradinosaur.com
SORMZSD12A6D4F736A,bdylm@Oradinosaur.com
SOWRKPT12AC468E5D5,bncib@Oradinosaur.com
SOIJQRD12AB01882D0,mpdxa@Oradinosaur.com
SOKPWEP12A8C137A4B,tqoem@Oradinosaur.com
SORWVHN12A8C1459EA,uyjlz@Oradinosaur.com
SOFJAJB12A8C139F14,rifqn@Oradinosaur.com
SODKDRR12AB0186636,fqenu@Oradinosaur.com
SOSSUGT12A8C138F9F,shefl@Oradinosaur.com
SONXHGK12A8C141541,qizip@Oradinosaur.com
SOAMBCI12AC4685087,zbyaj@Oradinosaur.com
SOWOLDP12A8C132015,tyqbc@Oradinosaur.com
SOVYUTS12AC4688BF4,asjje@Oradinosaur.com
SOXMPXX12AB01891E3,exnau@Oradinosaur.com
SOLUWXE12A6BD550CD,qlrsb@Oradinosaur.com
SOOBRTK12A8C13D6A9,ptrtm@Oradinosaur.com
SOCVDYI12AC4687DDB,yultw@Oradinosaur.com
SOIOVSS12AAF3B38A6,awcwo@Oradinosaur.com
SOWMQNJ12A8AE471EE,zjend@Oradinosaur.com
SOIUTCL12AB0188849,eside@Oradinosaur.com
SOYBRXG12A58A776D6,qtshb@Oradinosaur.com
SOQTVUL12A6D4F8F04,vfjld@Oradinosaur.com
SOCXWEG12A6D4FBEA3,divtj@Oradinosaur.com
SOPUUCZ12AB0180B3B,mqpqm@Oradinosaur.com
SOHLLRA12A6D4F7DBA,ehfpq@Oradinosaur.com
SOPSCFO12AB0189541,tnpha@Oradinosaur.com
SOYUMRC12A8AE452DE,qxcmx@Oradinosaur.com
SOHWHDA12AC3DF5493,gdoih@Oradinosaur.com
SOHCSSG12A58A7CF2D,xgeva@Oradinosaur.com
SOWARKQ12AB0181960,jnzhb@Oradinosaur.com
SOCNOQB12AB0183A1E,blbrz@Oradinosaur.com
SONBILX12AB0188421,pzbhi@Oradinosaur.com
SOPRMDL12A8C13CAF6,aalri@Oradinosaur.com
SOPMIWW12A58A7EE90,pigej@Oradinosaur.com
SOUOQFE12A8C13C240,umjuc@Oradinosaur.com
SOOPTTP12A8C134AA6,rnpea@Oradinosaur.com
SOMOWDB12AF72A8AE2,yfcsx@Oradinosaur.com
SOOWPWH12A8C13649B,jzfxf@Oradinosaur.com
SOGOPDF12A8C1356A9,gwece@Oradinosaur.com
SOQMDHI12A6D4F98DC,epzij@Oradinosaur.com
SOVVRRU12A81C2435C,kxwhq@Oradinosaur.com
SOJCHPN12A8C132491,vgnua@Oradinosaur.com
SONRPGH12A6310D895,sbkuk@Oradinosaur.com
SOVZRDZ12AB0185294,mnogg@Oradinosaur.com
SONWNNQ12A58A77AD6,riopu@Oradinosaur.com
SOKSSME12AB0187610,syroy@Oradinosaur.com
SOAASSD12AB0181AA6,oozjz@Oradinosaur.com
SOPRXCY12AB0183788,iowcd@Oradinosaur.com
SOGUDRH12AB0189A45,nhfcj@Oradinosaur.com
SOXCASM12AC468DC25,iykqw@Oradinosaur.com
SONATVQ12A6D4FAF73,jznhs@Oradinosaur.com
SOVRIRM12A8C13B476,fmfsf@Oradinosaur.com
SOBMAUD12A6D4F9181,hovoc@Oradinosaur.com
SOQSEBZ12AB017E984,uyebc@Oradinosaur.com
SOKKIXX12AB01864E7,mqgtc@Oradinosaur.com
SOIMDST12A6D4FB995,iwspf@Oradinosaur.com
SOKUQTD12AB0186577,rxpjh@Oradinosaur.com
SOMHHCX12AC468AB2E,mehor@Oradinosaur.com
SONETAK12A6D4FB69A,mcpzr@Oradinosaur.com
SOAQDXZ12A58A7FFBC,zfzbg@Oradinosaur.com
SOGTNSA12A8C13CCC0,gwrpj@Oradinosaur.com
SOAEUQV12AB01813F8,mzfle@Oradinosaur.com
SODIOXW12A6D4FD0D3,ohvsm@Oradinosaur.com
SOPCERW12AB018A2B5,flrkj@Oradinosaur.com
SOFFGJY12A8C138CA8,akcez@Oradinosaur.com
SOJBYED12A6D4FBE81,erovu@Oradinosaur.com
SOIOUIR12AB017ED30,kmkpr@Oradinosaur.com
SOURIGQ12AB017FCA3,efppw@Oradinosaur.com
SOXVRIV12AC468E055,goqby@Oradinosaur.com
SOUTCRW12A8C13D937,xxmrj@Oradinosaur.com
SOXIZCU12A8C1440A1,lgeyo@Oradinosaur.com
SOGWIIH12A8C137323,etmst@Oradinosaur.com
SORUTNO12A8C13D2F5,hecye@Oradinosaur.com
SOWNKBE12A67FFB39F,rgqtn@Oradinosaur.com
SONEXQJ12AAF3B2A3D,uksfw@Oradinosaur.com
SOMSVWH12A67AE1252,ehyxz@Oradinosaur.com
SOBUDEU12AB018431E,komvg@Oradinosaur.com
SOPLBWU12AB01894DE,joqke@Oradinosaur.com
SOKSFDI12AB017DBFF,fglwd@Oradinosaur.com
SOMCBPS12A8BED74BF,xuquj@Oradinosaur.com
SOIAJUT12A8AE4888C,vuusy@Oradinosaur.com
SOWJAVO12AB0180222,imfix@Oradinosaur.com
SOLMOSX12AB01878CE,inyra@Oradinosaur.com
SOLXNRC12A81C21193,hoyft@Oradinosaur.com
SOGBUUF12AB018B87E,xrgol@Oradinosaur.com
SOKKXUI12A58A7A79C,rxwla@Oradinosaur.com
SOHWXGM12AB0181210,mzrss@Oradinosaur.com
SOIMGHD12AB0187CD9,vpies@Oradinosaur.com
SOEKZPU12AC3DF6093,rfyag@Oradinosaur.com
SOLTWNN12A8C13FE24,tmxae@Oradinosaur.com
SOMLCEU12A6D4FAB01,kkinm@Oradinosaur.com
SOSEMEI12A58A7C561,hnffw@Oradinosaur.com
SOEBDOO12AB01868CA,egjdi@Oradinosaur.com
SOPSNHW12A8C141B9A,zrdaf@Oradinosaur.com
SOFVHDU12A67ADE7AA,qfwse@Oradinosaur.com
SOXIVDK12AB018BAF4,jnbkp@Oradinosaur.com
SOPAQJH12AB018BAFC,xugdy@Oradinosaur.com
SOVVITW12A8C146BD0,igbbf@Oradinosaur.com
SOXNASC12AB01874DF,ppkwq@Oradinosaur.com
SOFWNNU12A8C13BCB3,loyiw@Oradinosaur.com
SOYZFQG12AB0180D6F,zcphs@Oradinosaur.com
SOODJVB12A58A7B187,sgsii@Oradinosaur.com
SODBRHC12A8C141562,ghvet@Oradinosaur.com
SOSIXKT12A8C13FC8C,snsid@Oradinosaur.com
SOXYNYD12A8C13DF7B,qloil@Oradinosaur.com
SOKYZSI12AB0183789,eqpbu@Oradinosaur.com
SOUZQFG12AB017F6B1,gjhox@Oradinosaur.com
SOJJTCO12A58A7932A,jfxlt@Oradinosaur.com
SOLKHLK12A8AE47A23,dadfz@Oradinosaur.com
SOVAIGA12AB0184498,smgrv@Oradinosaur.com
SOVGPMI12AB0183BA2,yzxhi@Oradinosaur.com
SOBFTYI12AB01849FC,bdylm@Oradinosaur.com
SOBFOYA12A6D4FB36C,bncib@Oradinosaur.com
SOAAEHR12A6D4FB060,mpdxa@Oradinosaur.com
SOTSXZM12A8AE47061,tqoem@Oradinosaur.com
SOLXXZC12A58A7B02D,uyjlz@Oradinosaur.com
SOTNBRQ12AC4687F85,rifqn@Oradinosaur.com
SOKUBEF12A6D4FA3B8,vjirk@Oradinosaur.com
SOSKUNI12AB0187F12,shobt@Oradinosaur.com
SORIWJQ12A8AE4778E,uruvr@Oradinosaur.com
SODXQTB12A8C13F0F7,ueujj@Oradinosaur.com
SOKECVO12A6D4F9F14,mkeij@Oradinosaur.com
SOAKNYW12A6D4F5FE4,jineq@Oradinosaur.com
SOCUSNQ12A8C138A86,etonw@Oradinosaur.com
SOIHCDS12AC4687731,ovaeh@Oradinosaur.com
SOZDKSJ12A67ADA37A,vcsfy@Oradinosaur.com
SOAECHX12A6D4FC3D9,kuelw@Oradinosaur.com
SONFNOG12A58A78C05,dzera@Oradinosaur.com
SOODBPM12A6D4FAEA1,xdrol@Oradinosaur.com
SOUYQXO12AB018B3FE,nbnln@Oradinosaur.com
SOFJNFW12AB0181B90,ghkgy@Oradinosaur.com
SOULUVY12A8C13A6CE,ghswp@Oradinosaur.com
SOYJKEB12A8C138723,kkjpg@Oradinosaur.com
SOQXZYK12AB018668A,gxntm@Oradinosaur.com
SORTGDS12A8C143188,wlkic@Oradinosaur.com
SOJGPVN12A8C136BCF,umjyy@Oradinosaur.com
SOCEPXD12AB01829AA,wlkic@Oradinosaur.com
SOHODRU12A81C230CE,umjyy@Oradinosaur.com
SOBMCVB12A8C1385CB,vpitd@Oradinosaur.com
SOSHHXZ12A58A7924C,odfmk@Oradinosaur.com
SOTDNWF12AB0186452,xucmq@Oradinosaur.com
SOCKJZY12AF72AC273,plyev@Oradinosaur.com
SOJEGQW12AB018954A,dwtsh@Oradinosaur.com
SOPJMCP12AB018CCA2,ipsfs@Oradinosaur.com
SOBFRQQ12AB018D108,mtdjd@Oradinosaur.com
SOBAUUL12A8AE4817B,jqlbo@Oradinosaur.com
SOFCCPN12A8C1435FE,zagkm@Oradinosaur.com
SOGZANN12AB018736A,kymuk@Oradinosaur.com
SOIIZQG12A58A7A753,sjkmu@Oradinosaur.com
SOUXAJS12AB0184E3B,aaddo@Oradinosaur.com
SOBMGUW12A8AE4726A,gzkhl@Oradinosaur.com
SOFHWUZ12A8AE48B9D,bmigz@Oradinosaur.com
SOUNBSH12AB01888C0,qnmor@Oradinosaur.com
SOIYUEY12AB0184151,mpcin@Oradinosaur.com
SOWZREF12A8C13810B,cybgy@Oradinosaur.com
SONYTWI12A8135773F,fepfh@Oradinosaur.com
SOXCWTT12AC9075756,wjrqh@Oradinosaur.com
SONAEER12A67020459,xhthy@Oradinosaur.com
SOTDRNJ12A8C137751,xnzej@Oradinosaur.com
SODWYEY12AC468C30F,kbqpk@Oradinosaur.com
SOAPTVO12A8C133113,zbnaj@Oradinosaur.com
SOGOJBW12AB018513B,ojxzo@Oradinosaur.com
SOARJEA12AB0188123,mivly@Oradinosaur.com
SOPZACG12A6D4F9271,mqsan@Oradinosaur.com
SOKPPXC12A8C13AACE,unguo@Oradinosaur.com
SOQVMXR12A81C21483,asjcv@Oradinosaur.com
SOGDDDA12AB017E80C,hpydx@Oradinosaur.com
SOLMGPP12A6D4FAB9E,huhpr@Oradinosaur.com
SORJLST12AB017F540,vbqty@Oradinosaur.com
SONQTUH12AF72A47A7,jeowv@Oradinosaur.com
SOUOVZX12AB018A15C,enfdm@Oradinosaur.com
SOBZHRL12A6D4F6A70,trkyx@Oradinosaur.com
SOEQESA12AB018A24A,myqft@Oradinosaur.com
SOPVFIS12AB01815BD,lhkam@Oradinosaur.com
SOJCRRD12A58A7D438,huhpr@Oradinosaur.com
SOQBOUQ12A8C1372F4,akygl@Oradinosaur.com
SOTEGPD12A8C135FB7,tovte@Oradinosaur.com
SOMGPML12A8C13AE8C,crmby@Oradinosaur.com
SOPPACU12AB017EA7E,nrkuw@Oradinosaur.com
SOEBCBI12AF72A154F,lrxcr@Oradinosaur.com
SOSGQPS12A8AE48538,jeowv@Oradinosaur.com
SORMBGR12A8C13B537,tkwev@Oradinosaur.com
SOBDGBW12A8C13D50B,xzaqe@Oradinosaur.com
SOZGOKA12A6D4FC7B7,amxpw@Oradinosaur.com
SOIDEZW12A6D4F9655,kybrd@Oradinosaur.com
SOGTROT12A67020FF3,kxjeb@Oradinosaur.com
SOMRUQD12AC468EF9C,enfdm@Oradinosaur.com
SOOTFBM12A6D4FCD69,ckqyu@Oradinosaur.com
SOXSPQZ12AB01832BA,vbqty@Oradinosaur.com
SOMDTUH12AC4687D93,qemvm@Oradinosaur.com
SOFYIZF12A81C1FF4E,xyxrc@Oradinosaur.com
SOANYAU12AB01881B7,qulge@Oradinosaur.com
SOTZGHE12A58A75DC4,mjwmp@Oradinosaur.com
SOSPPOJ12AC3DF99F7,migws@Oradinosaur.com
SOIQENV12A8C133A29,joucj@Oradinosaur.com
SOYHMPJ12AAF3B387B,oglal@Oradinosaur.com
SOHXCVP12A81C1FC64,sbxce@Oradinosaur.com
SOPZKAF12A8C140A6A,ilmzp@Oradinosaur.com
SOQDFVR12A8C13A3EF,cqnpp@Oradinosaur.com
SOSYNKD12A6D4F6655,trkyx@Oradinosaur.com
SOZPRDS12A8C134E2E,pxtkr@Oradinosaur.com
SOLHVZC12A8C14307F,keana@Oradinosaur.com
SOSBLDO12A8C13792D,bvlyu@Oradinosaur.com
SOKLUBB12AB0182FDA,fxbts@Oradinosaur.com
SOEXVLC12AB018AAE6,dsmmn@Oradinosaur.com
SOZQJSC12A58A7F42F,gwrog@Oradinosaur.com
SOGDEPN12AB018C5C0,fczbu@Oradinosaur.com
SOOGLXF12AF729E2D7,dohjv@Oradinosaur.com
SOBGYQD12A67ADC8F9,huhpr@Oradinosaur.com
SONPCNG12AB0184E68,vbqty@Oradinosaur.com
SOUDHTP12AB0183403,jeowv@Oradinosaur.com
SOUIWLO12AB017CBC2,enfdm@Oradinosaur.com
SOPNPLN12AC3DFA507,trkyx@Oradinosaur.com
SOFWXNQ12AC3DF5F8B,myqft@Oradinosaur.com
SOERCEY12A8C1413E5,lhkam@Oradinosaur.com
SORSEYK12AB01870D6,huhpr@Oradinosaur.com
SOBDGEJ12A8C13F71A,akygl@Oradinosaur.com
SOHWJYQ12A8C13658B,tovte@Oradinosaur.com
SOEDYHS12A8C139D4E,crmby@Oradinosaur.com
SOSUZKN12AB0182AED,nrkuw@Oradinosaur.com
SOFAOMI12A6D4FA2D8,lrxcr@Oradinosaur.com
SOIIANJ12AB0184B3E,jeowv@Oradinosaur.com
SOLXKCY12A81C20EFC,tkwev@Oradinosaur.com
SOSLEEL12A8C130C5D,xzaqe@Oradinosaur.com
SOUFDQA12AB0189758,amxpw@Oradinosaur.com
SOFAWJJ12AB0180A39,kybrd@Oradinosaur.com
SOIFMLF12A6D4F845B,kxjeb@Oradinosaur.com
SOMMJVR12A6D4F98E0,enfdm@Oradinosaur.com
SORPBRR12A8C13979C,ckqyu@Oradinosaur.com
SOLEFXD12AC3DFA062,vbqty@Oradinosaur.com
SOLPNNU12A8C13CA04,qemvm@Oradinosaur.com
SODRGUS12A8C13312C,xyxrc@Oradinosaur.com
SOBHHIZ12AB01841E0,qulge@Oradinosaur.com
SOBDENU12CF5465247,mjwmp@Oradinosaur.com
SORAOMT12A8C140327,migws@Oradinosaur.com
SOHHJZW12A8C141B19,joucj@Oradinosaur.com
SOYTTHD12A6D4FACA0,oglal@Oradinosaur.com
SOKUXFH12A8C145EF7,sbxce@Oradinosaur.com
SONFOLB12AB01841B9,ilmzp@Oradinosaur.com
SOPEKHR12A6D4FB338,cqnpp@Oradinosaur.com
SOALKSA12A8C140F94,trkyx@Oradinosaur.com
SOUUOSZ12A8C14378D,pxtkr@Oradinosaur.com
SOSKQYI12A6D4F95E2,keana@Oradinosaur.com
SOEHDUX12AB0187C5A,bvlyu@Oradinosaur.com
SOLFNJP12A58A78574,fxbts@Oradinosaur.com
SOVRIPF12A8C142FD3,dsmmn@Oradinosaur.com
SORXHUD12AB0186030,gwrog@Oradinosaur.com
SOMWYRR12A8C143501,fczbu@Oradinosaur.com
SOMUBQM12A8C13ABC0,dohjv@Oradinosaur.com
SOTJLKO12A8AE4888B,xugep@Oradinosaur.com
SOOKSDQ12AB0184DC3,ehwgw@Oradinosaur.com
SOHTGBG12A6D4F6390,umqmo@Oradinosaur.com
SORHXYU12A8C13716B,epxli@Oradinosaur.com
SOHAGSO12AB0185C31,bwohm@Oradinosaur.com
SOHNQBZ12A8C13856A,vkfoo@Oradinosaur.com
SOKKIPX12AB018E692,yfxea@Oradinosaur.com
SOODGCM12A8C136BEB,qodxw@Oradinosaur.com
SOEKRSK12A8C13CFB2,roohy@Oradinosaur.com
SOMTWZO12AB017C845,gcenh@Oradinosaur.com
SOXXEJT12A58A7D55E,sosar@Oradinosaur.com
SOGVLDM12AB017F0A2,nulam@Oradinosaur.com
SOSHOMP12A8C144BB1,ebvdw@Oradinosaur.com
SOXVGNX12A8C13D8A3,rpvve@Oradinosaur.com
SOJYNQE12AB0186EAB,cejyo@Oradinosaur.com
SOUNBPD12A6D4FDB4E,nufse@Oradinosaur.com
SOQQITZ12A8C133825,astmj@Oradinosaur.com
SOZLPXW12A6D4F80FE,vyprr@Oradinosaur.com
SOENVPC12A58A771C4,sjjoe@Oradinosaur.com
SOWDZZQ12A670215BD,ngsyx@Oradinosaur.com
SOJBWKS12A8C135255,nniaq@Oradinosaur.com
SOIKYFC12A6D4F9864,pkvfh@Oradinosaur.com
SOCWDKB12A58A786A8,nxydk@Oradinosaur.com
SOTUHTD12A8C133D88,vjxqa@Oradinosaur.com
SOATIOL12A8C13604E,fiqob@Oradinosaur.com
SOICWAN12A81C21789,nvdgu@Oradinosaur.com
SOIPEKK12AB01805B4,noukh@Oradinosaur.com
SORQSRN12AB018102E,dozjf@Oradinosaur.com
SOQCJNI12A8C142188,sddqc@Oradinosaur.com
SONPFMD12AB017C1B3,moarf@Oradinosaur.com
SOMHUTQ12AB018DEF1,blpuo@Oradinosaur.com
SOWPSXC12A6D4FB04D,vswuy@Oradinosaur.com
SOWAVGA12A58A7A6A2,wtrjh@Oradinosaur.com
SOAAQAB12A8AE4769F,ufoej@Oradinosaur.com
SOAAFUV12AB018831D,xubki@Oradinosaur.com
SOOVFAZ12A8C134EEB,qdplz@Oradinosaur.com
SONRIJJ12A6701FD0A,nyfpm@Oradinosaur.com
SOLTJIM12A3F1EAEE1,twpui@Oradinosaur.com
SODYWNH12A6D4F7B58,bovab@Oradinosaur.com
SOOGNYW12AB0184EB6,mgctn@Oradinosaur.com
SOQURNS12AB018E7E4,aohdj@Oradinosaur.com
SOIVHOS12A8C13759D,cvnob@Oradinosaur.com
SOUWBCT12AB01846F6,uybpl@Oradinosaur.com
SOQUXGF12AB018685C,jdscc@Oradinosaur.com
SOYFDOO12A8C133DA2,gdxvi@Oradinosaur.com
SOGLLSY12AB01856CF,layjh@Oradinosaur.com
SOWTBIV12A8C13B607,orqra@Oradinosaur.com
SOKHRWE12A6D4F6BE7,iwwsm@Oradinosaur.com
SOBCRBS12A6D4FBC7A,gfcjz@Oradinosaur.com
SOOUWXD12AB0181D16,qblgd@Oradinosaur.com
SOMBMFL12AB018641C,ntiaw@Oradinosaur.com
SOFNRTP12AC90717AA,vifrb@Oradinosaur.com
SOVDYQP12AB01824EC,jpedl@Oradinosaur.com
SOHAFCN12AF72A2AEE,mkpay@Oradinosaur.com
SOTBDLI12AC468A8AF,msgob@Oradinosaur.com
SOQGLWB12AF72A632B,viorw@Oradinosaur.com
SOMXQEF12AB0181AF0,wkyoe@Oradinosaur.com
SODAAKS12AB018D37F,hhlvd@Oradinosaur.com
SOBEWIS12AB0182D75,kmson@Oradinosaur.com
SOYUBHZ12A8C136E79,ibgbt@Oradinosaur.com
SOHYFPE12A6702090B,tnluw@Oradinosaur.com
SOYUGSB12AB01865FA,qtors@Oradinosaur.com
SOQUOUX12A8C14439E,kdciy@Oradinosaur.com
SOEWXOF12AC468B5C8,zonoo@Oradinosaur.com
SOQLQUB12A58A7E448,xscma@Oradinosaur.com
SOEYJEP12AB01816D3,sbtfi@Oradinosaur.com
SOJAVUK12AB017EC7E,aayre@Oradinosaur.com
SOQFUXL12A8C136D6B,nqlxn@Oradinosaur.com
SOFHWIG12AB01855B5,fzffg@Oradinosaur.com
SOMNNMY12A8C13247F,dahvg@Oradinosaur.com
SOQUGNH12A6D4FBB0E,faaxc@Oradinosaur.com
SOCSUYP12A58A79438,pnirw@Oradinosaur.com
SOTUDJY12AC9070E78,azkfe@Oradinosaur.com
SOEWUJD12A8C1390C2,enpxe@Oradinosaur.com
SONBXKE12A81C209B1,uoace@Oradinosaur.com
SOCTRKD12A8AE47E96,jksrr@Oradinosaur.com
SOTCLHP12AB0180336,pbyrc@Oradinosaur.com
SOWNKEY12A8C131FE7,qcaeq@Oradinosaur.com
SOCNBNA12A58A79C7E,wooqx@Oradinosaur.com
SORJVVF12AAF3B1F63,rfnje@Oradinosaur.com
SOZALUE12AF729C714,ilzzn@Oradinosaur.com
SOIVHQA12AB017DBDB,ygdsj@Oradinosaur.com
SOTJTQO12AB0183126,dwskn@Oradinosaur.com
SOLYUYS12A81C23F3A,slvpj@Oradinosaur.com
SORADNR12AB01862D1,csrke@Oradinosaur.com
SOQZQVN12A58A7B99D,sfkdi@Oradinosaur.com
SOJQTNZ12AB018115B,vqqxz@Oradinosaur.com
SOUBNYW12A8C1460C3,qgmmz@Oradinosaur.com
SOAVPSK12A58A7ED21,frunu@Oradinosaur.com
SOPBDZT12AB017AA98,axejr@Oradinosaur.com
SOISBPM12A8C132C8E,dwxco@Oradinosaur.com
SOFNTFC12AB0184512,rtaqh@Oradinosaur.com
SOOTBSZ12A8C140223,vfpqn@Oradinosaur.com
SOBQSLF12A8C139785,eyote@Oradinosaur.com
SOPKLAS12AB018EEBB,sobgj@Oradinosaur.com
SORJHOX12A8AE48899,nuifg@Oradinosaur.com
SOXVEFH12AB0187A2C,qiaxo@Oradinosaur.com
SOUDRIY12A8C13B59A,sjvsi@Oradinosaur.com
SOCNJZO12AC468D1F5,bccng@Oradinosaur.com
SOIVVEW12A8C141277,rhrni@Oradinosaur.com
SOYYSKP12A67021A9E,zymnu@Oradinosaur.com
SOLLHMX12AB01846DC,lrxcr@Oradinosaur.com
SOLLHMX12AB01846DC,hecva@Oradinosaur.com
SOLLHMX12AB01846DC,gfeea@Oradinosaur.com
SOLLHMX12AB01846DC,svrob@Oradinosaur.com
SOLLHMX12AB01846DC,cpdfw@Oradinosaur.com
SOLLHMX12AB01846DC,kzevh@Oradinosaur.com
SOLLHMX12AB01846DC,ortzp@Oradinosaur.com
SOLLHMX12AB01846DC,nhksf@Oradinosaur.com
SOQUXGF12AB018685C,ayuqz@Oradinosaur.com
SOQUXGF12AB018685C,flovd@Oradinosaur.com
SOQUXGF12AB018685C,mjsyi@Oradinosaur.com
SOQUXGF12AB018685C,xshrf@Oradinosaur.com
SOQUXGF12AB018685C,uciaq@Oradinosaur.com
SOQUXGF12AB018685C,lytoc@Oradinosaur.com
SOQUXGF12AB018685C,ubvze@Oradinosaur.com
SOQUXGF12AB018685C,fqenu@Oradinosaur.com
SOQUXGF12AB018685C,shefl@Oradinosaur.com
SOQUXGF12AB018685C,qizip@Oradinosaur.com
SOQUXGF12AB018685C,zbyaj@Oradinosaur.com
SOQUXGF12AB018685C,tyqbc@Oradinosaur.com
SOQUXGF12AB018685C,asjje@Oradinosaur.com
SOQUXGF12AB018685C,exnau@Oradinosaur.com
SOQUXGF12AB018685C,qlrsb@Oradinosaur.com
SOQUXGF12AB018685C,ptrtm@Oradinosaur.com
SOQUXGF12AB018685C,yultw@Oradinosaur.com
SOQUXGF12AB018685C,awcwo@Oradinosaur.com
SOQUXGF12AB018685C,zjend@Oradinosaur.com
